[
  {
    "driver": "goresh",
    "lap_scores": [
      100,
      100
    ],
    "lap_score": 100,
    "trend": "Consistent",
    "laps": [
      [
        {
          "lap": 1,
          "turn": 1,
          "brake": 0,
          "accel": 0,
          "apex": 0
        },
        {
          "lap": 1,
          "turn": 2,
          "brake": 0,
          "accel": 0,
          "apex": 0
        },
        {
          "lap": 1,
          "turn": 3,
          "brake": 0,
          "accel": 0,
          "apex": 0
        },
        {
          "lap": 2,
          "turn": 1,
          "brake": 0,
          "accel": 0,
          "apex": 0
        },
        {
          "lap": 2,
          "turn": 2,
          "brake": 0,
          "accel": 0,
          "apex": 0
        },
        {
          "lap": 2,
          "turn": 3,
          "brake": 0,
          "accel": 0,
          "apex": 0
        }
      ]
    ]
  },
  {
    "driver": "goresh",
    "lap_scores": [
      100,
      99.73333333333333
    ],
    "lap_score": 99.87,
    "trend": "Declining",
    "laps": [
      [
        {
          "lap": 1,
          "turn": 1,
          "brake": 0,
          "accel": 0,
          "apex": 0
        },
        {
          "lap": 1,
          "turn": 2,
          "brake": 0,
          "accel": 0,
          "apex": 0
        },
        {
          "lap": 1,
          "turn": 3,
          "brake": 0,
          "accel": 0,
          "apex": 0
        },
        {
          "lap": 2,
          "turn": 1,
          "brake": 0.4,
          "accel": 0,
          "apex": 0
        },
        {
          "lap": 2,
          "turn": 2,
          "brake": 0,
          "accel": 0,
          "apex": 0
        },
        {
          "lap": 2,
          "turn": 3,
          "brake": 0,
          "accel": 0,
          "apex": 0
        }
      ]
    ]
  }
]