display_name,lap_score,trend,file_saved,timestamp
demo,90.88,Improving,demo_2025-10-31_01-58-34.csv,2025-10-31_01-58-34
demo,87.72,Improving,demo_2025-10-31_02-00-23.csv,2025-10-31_02-00-23
demo,95.4,Improving,demo_2025-10-31_02-01-11.csv,2025-10-31_02-01-11
demo,97.17,Improving,demo_2025-10-31_02-01-29.csv,2025-10-31_02-01-29
demo,74.12,Needs Practice,demo_2025-10-31_02-04-04.csv,2025-10-31_02-04-04
demo,90.18,Improving,demo_2025-10-31_02-06-01.csv,2025-10-31_02-06-01
demo,100.01,Improving,demo_2025-10-31_02-31-02.csv,2025-10-31_02-31-02
