display_name,lap_score,trend,file_saved,timestamp
goresh,99.94,Improving,goresh_2025-10-30_18-55-50.csv,2025-10-30_18-55-50
goresh,100.17,Improving,goresh_2025-10-30_19-01-13.csv,2025-10-30_19-01-13
goresh,100.27,Improving,goresh_2025-10-30_19-20-42.csv,2025-10-30_19-20-42
goresh,100.19,Improving,goresh_2025-10-30_19-26-19.csv,2025-10-30_19-26-19
goresh,100.02,Improving,goresh_2025-10-30_19-27-37.csv,2025-10-30_19-27-37
goresh,99.64,Improving,goresh_2025-10-30_19-38-28.csv,2025-10-30_19-38-28
goresh,100.33,Improving,goresh_2025-10-30_19-41-04.csv,2025-10-30_19-41-04
goresh,100.02,Improving,goresh_2025-10-30_19-42-24.csv,2025-10-30_19-42-24
goresh,100.33,Improving,goresh_2025-10-30_19-46-35.csv,2025-10-30_19-46-35
goresh,100.06,Improving,goresh_2025-10-30_19-55-01.csv,2025-10-30_19-55-01
goresh,100.2,Improving,goresh_2025-10-30_20-00-14.csv,2025-10-30_20-00-14
goresh,93.7,Improving,goresh_2025-10-30_20-00-47.csv,2025-10-30_20-00-47
goresh,100.21,Improving,goresh_2025-10-30_20-01-10.csv,2025-10-30_20-01-10
goresh,100.24,Improving,goresh_2025-10-30_20-10-51.csv,2025-10-30_20-10-51
goresh,99.78,Improving,goresh_2025-10-30_20-17-06.csv,2025-10-30_20-17-06
goresh,99.93,Improving,goresh_2025-10-30_20-26-16.csv,2025-10-30_20-26-16
goresh,100.22,Improving,goresh_2025-10-30_20-37-11.csv,2025-10-30_20-37-11
goresh,100.12,Improving,goresh_2025-10-30_20-39-43.csv,2025-10-30_20-39-43
goresh,99.94,Improving,goresh_2025-10-30_20-41-11.csv,2025-10-30_20-41-11
goresh,100.0,Improving,goresh_2025-10-31_00-53-56.csv,2025-10-31_00-53-56
goresh,99.84,Improving,goresh_2025-10-31_00-57-46.csv,2025-10-31_00-57-46
goresh,100.08,Improving,goresh_2025-10-31_01-20-01.csv,2025-10-31_01-20-01
goresh,99.73,Improving,goresh_2025-10-31_07-04-26.csv,2025-10-31_07-04-26
goresh,99.68,Improving,goresh_2025-10-31_07-05-05.csv,2025-10-31_07-05-05
